rev, All, Ekstazi, rts-trace
rev_1, 0
rev_2, 0
rev_3, 335
rev_4, 0
rev_5, 0
rev_6, 335, 334, 334
rev_7, 336, 1, 0
rev_8, 338, 253, 6
rev_9, 338, 253, 226
rev_10, 0
rev_11, 0
rev_12, 0
rev_13, 0
rev_14, 0
rev_15, 0
rev_16, 0
rev_17, 341, 340, 0
rev_18, 343, 2, 2
rev_19, 343, 342, 0
rev_20, 343, 0, 0
rev_21, 346, 272, 229
rev_22, 346, 0, 0
rev_23, 349, 40, 6
rev_24, 349, 6, 6
rev_25, 349, 0, 0
rev_26, 350, 1, 1
rev_27, 351, 349, 0
rev_28, 352, 2, 2
rev_29, 0
rev_30, 0
rev_31, 0
rev_32, 0
rev_33, 0
rev_34, 0
rev_35, 0
rev_36, 0
rev_37, 0
rev_38, 0
rev_39, 0
rev_40, 0
rev_41, 0
rev_42, 0
rev_43, 0
rev_44, 0
rev_45, 363, 361, 159
rev_46, 363, 34, 0
rev_47, 364, 209, 1
rev_48, 364, 362, 234
rev_49, 365, 3, 2
rev_50, 368, 366, 236
