rev, All, Ekstazi,rts-trace
rev_1, Fail
rev_2, Fail
rev_3, Fail
rev_4, Fail
rev_5, Fail
rev_6, Fail
rev_7, Fail
rev_8, Fail
rev_9, Fail
rev_10, Fail
rev_11, Fail
rev_12, Fail
rev_13, Fail
rev_14, Fail
rev_15, Fail
rev_16, Fail
rev_17, Fail
rev_18, Fail
rev_19, Fail
rev_20, Fail
rev_21, Fail
rev_22, Fail
rev_23, Fail
rev_24, Fail
rev_25, Fail
rev_26, Fail
rev_27, Fail
rev_28, Fail
rev_29, Fail
rev_30, Fail
rev_31, Fail
rev_32, Fail
rev_33, Fail
rev_34, Fail
rev_35, Fail
rev_36, Fail
rev_37, Fail
rev_38, Success, Success, Success
rev_39, Success, Success, Success
rev_40, Success, Success, Success
rev_41, Success, Success, Fail
rev_42, Success, Success, Success
rev_43, Success, Success, Success
rev_44, Success, Success, Success
rev_45, Success, Success, Success
rev_46, Success, Success, Success
rev_47, Success, Success, Success
rev_48, Success, Success, Success
rev_49, Success, Success, Success
rev_50, Success, Success, Success
